Straat;Huisnr.;Toev.;Postcode;Plaats;Makelaar;Tel makelaar;Aanmeldingsoort;Huidige prijs;Koop conditie;Prijs per m2;Transactie prijs / huur;Transactieprijs per m2;Huidige huur;Huur conditie;Vertrouwelijk;Datum aanmelding;Voorbehoud vanaf;Voorbehoud tot;Datum afmelding;Ondertekening akte;Transactiedatum;Transportdatum;Ontb. voorwaarden FIN;Waarborg;Dagen op de markt;Woonoppervlakte;Inhoud woning;Perceel oppervlak ;Overige inpandige ruimte;Externe bergruimte;Gebouwgeb. buitenruimte;Woonkamer;Bouwjaar / Periode;Aantal kamers;Aantal slaapkamers;Soort OG;Soort woning;Soort appartement;Type woning;Kwaliteit woning;Subtype woning/appartement;(Voorlopig) energielabel;Energie index;Energie einddatum;Status;Medeaanmelders;Prijs aanvaarding;Aantal prijswijzigingen;Aangemeld voor;Prijswijziging 1;Datum;Verschil;Prijswijziging 2;Datum;Verschil;Prijswijziging 3;Datum;Verschil;Prijswijziging 4;Datum;Verschil;Prijswijziging 5;Datum;Verschil
Eerste Goudsbloemdwarsstraat;2;B;1015 JW;AMSTERDAM;Your Home Makelaardij ;020-3706020;In verhuur genomen; € - ;; € - ;€ 1,230;€ 41;€ 1,230;Per maand;nee;16-7-2019;;;1-8-2019;29-7-2019;29-7-2019;12-8-2019;;;14;30;90;;;;;;;1;1;Appartement;;bovenwoning;;;;;;;Verhuurd;;per datum;0;€ 1,230;  ;;  ;  ;;  ;  ;;  ;  ;;  ;  ;;  
Marnixstraat;36;HR;1015 XK;AMSTERDAM;Expats Amsterdam ;(+31) 23 751 57 67;In verhuur genomen; € - ;; € - ;€ 1,375;€ 39;€ 1,375;Per maand;nee;26-7-2019;;;9-8-2019;9-8-2019;9-8-2019;;;;15;35;100;;;;;;;1;0;Appartement;;benedenwoning;;;;;;;Verhuurd;;in overleg;0;€ 1,375;  ;;  ;  ;;  ;  ;;  ;  ;;  ;  ;;  
Goudsbloemstraat;32;3;1015 JP;AMSTERDAM;RKZ Makelaars ;020-2600151;In verhuur genomen; € - ;; € - ;€ 1,400;€ 44;€ 1,400;Per maand;nee;20-7-2019;9-8-2019;;7-8-2019;6-8-2019;6-8-2019;10-8-2019;;;18;32;120;;;;;;;2;1;Appartement;;bovenwoning;;;;;;;Verhuurd;;direct;0;€ 1,400;  ;;  ;  ;;  ;  ;;  ;  ;;  ;  ;;  
Tweede Anjeliersdwarsstraat;;;1015 NT;AMSTERDAM;The Rental Agency Amsterdam ;06-39751462;In verhuur genomen; € - ;; € - ;€ 1,500;€ 35;€ 1,500;Per maand;nee;27-5-2019;;;3-8-2019;1-8-2019;1-8-2019;1-8-2019;;;67;43;188;;;;;;1900;3;1;Appartement;;bovenwoning;;;;;;;Verhuurd;;in overleg;1;€ 1,600;€ 1,500;29-6-2019;€ 100;  ;;  ;  ;;  ;  ;;  ;  ;;  
Nieuwe Leliestraat;17;1;1015 SH;AMSTERDAM;Bosma Makelaardij | Bosma Real Estate ;(+31) 20 890 03 32;In verhuur genomen; € - ;; € - ;€ 1,500;€ 37;€ 1,500;Per maand;nee;5-6-2019;19-7-2019;;30-7-2019;30-7-2019;30-7-2019;1-8-2019;;;56;41;115;;;;4;;1906;2;1;Appartement;;bovenwoning;;;;A;1.03;4-8-2024;Verhuurd;;direct;1;€ 1,600;€ 1,500;1-7-2019;€ 100;  ;;  ;  ;;  ;  ;;  ;  ;;  
Goudsbloemstraat;130;I;1015 JT;AMSTERDAM;Bridges Makelaardij B.V. ;020-8950695;In verhuur genomen; € - ;; € - ;€ 1,500;€ 38;€ 1,500;Per maand;nee;30-7-2019;;;9-8-2019;8-8-2019;8-8-2019;9-8-2019;;;10;40;120;;;;;;;3;2;Appartement;;bovenwoning;;;;;;;Verhuurd;;in overleg;0;€ 1,500;  ;;  ;  ;;  ;  ;;  ;  ;;  ;  ;;  
Driehoekstraat;56;;1015 GL;AMSTERDAM;Your Home Makelaardij ;020-3706020;In verhuur genomen; € - ;; € - ;€ 1,550;€ 24;€ 1,550;Per maand;nee;3-7-2019;25-7-2019;;1-8-2019;1-8-2019;1-8-2019;9-8-2019;;;30;65;160;;;;;;;3;1;Appartement;;bovenwoning;;;;;;;Verhuurd;;per datum;1;€ 1,700;€ 1,550;22-7-2019;€ 150;  ;;  ;  ;;  ;  ;;  ;  ;;  
Westerkade;11;A;1015 XD;AMSTERDAM;Dutch Real Estate Company Amsterdam ;020-7723460;In verhuur genomen; € - ;; € - ;€ 1,550;€ 32;€ 1,550;Per maand;nee;17-7-2019;1-8-2019;;5-8-2019;5-8-2019;5-8-2019;16-8-2019;;;20;48;130;;;;;;1906;2;1;Appartement;;beneden + bovenwoning;;;;B;;1-4-2022;Verhuurd;;in overleg;0;€ 1,550;  ;;  ;  ;;  ;  ;;  ;  ;;  ;  ;;  
Bloemgracht;158;c;1015 TT;Amsterdam;HouseHunting 't Gooi ;035 4400210;In verhuur genomen; € - ;; € - ;€ 1,625;€ 36;€ 1,625;Per maand;nee;21-5-2019;;;20-8-2019;16-7-2019;16-7-2019;18-7-2019;;;57;45;100;;2;;3;;1900;2;1;Appartement;;bovenwoning;;;;;;;Verhuurd;;in overleg;0;€ 1,625;  ;;  ;  ;;  ;  ;;  ;  ;;  ;  ;;  
Herengracht;51;;1015 BC;AMSTERDAM;Van Roijen Makelaardij o.g. b.v. ;020-6629010;In verhuur genomen; € - ;; € - ;€ 1,650;€ 27;€ 1,650;Per maand;nee;12-7-2019;;;22-7-2019;22-7-2019;22-7-2019;10-8-2019;;;11;61;150;;;;;;;3;1;Appartement;;benedenwoning;;;;B;;1-2-2026;Verhuurd;;in overleg;0;€ 1,650;  ;;  ;  ;;  ;  ;;  ;  ;;  ;  ;;  
Westerstraat;198;;1015 MR;AMSTERDAM;Amsterdam Housing ;020-6717266;In verhuur genomen; € - ;; € - ;€ 1,650;€ 30;€ 1,650;Per maand;nee;15-8-2019;;;20-8-2019;20-8-2019;20-8-2019;20-8-2019;;;6;55;150;;;;;;1939;3;2;Appartement;;bovenwoning;;;;;;;Verhuurd;;direct;0;€ 1,650;  ;;  ;  ;;  ;  ;;  ;  ;;  ;  ;;  
Willemsstraat;1;bg;1015 HW;Amsterdam;A Plus Apartments ;020-4422170;In verhuur genomen; € - ;; € - ;  ;  ;€ 1,750;Per maand;nee;14-2-2019;;;1-8-2019;1-8-2019;1-8-2019;;;;169;85;221;;3;6;;;1933;2;1;Appartement;;benedenwoning;;;;;;;Ingetrokken;;direct;2;€ 1,750;€ 1,800;14-2-2019;€ -50;€ 1,750;8-3-2019;€ 50;  ;;  ;  ;;  ;  ;;  
Tuinstraat;164;A;1015 PH;AMSTERDAM;Renthouse Vastgoed BV ;020-3030609;In verhuur genomen; € - ;; € - ;  ;  ;€ 1,750;Per maand;nee;7-5-2019;;;6-8-2019;6-8-2019;6-8-2019;;;;92;60;180;;;;;;;3;1;Appartement;;maisonnette;;;;;;;Ingetrokken;;in overleg;1;€ 1,900;€ 1,750;26-6-2019;€ 150;  ;;  ;  ;;  ;  ;;  ;  ;;  
Tuinstraat;;;1015 PH;AMSTERDAM;Amsterdam Housing ;020-6717266;In verhuur genomen; € - ;; € - ;€ 1,750;€ 29;€ 1,750;Per maand;nee;21-5-2019;;;13-8-2019;13-8-2019;13-8-2019;13-8-2019;;;85;60;180;;;;;;1905;2;1;Appartement;;beneden + bovenwoning;;;;;;;Verhuurd;;per datum;1;€ 1,900;€ 1,750;27-6-2019;€ 150;  ;;  ;  ;;  ;  ;;  ;  ;;  
Westerstraat;76;D;1015 ML;AMSTERDAM;Parker & Williams Real Estate Service ;020 6750202;In verhuur genomen; € - ;; € - ;€ 1,750;€ 29;€ 1,750;Per maand;nee;22-5-2019;;;31-7-2019;30-7-2019;30-7-2019;30-7-2019;;;70;60;170;;;;5;;1880;3;2;Appartement;;bovenwoning;;;;;;;Verhuurd;;per datum;0;€ 1,750;  ;;  ;  ;;  ;  ;;  ;  ;;  ;  ;;  
Westerstraat;198;I;1015 MR;AMSTERDAM;Van Huis Uit Makelaars B.V. ;020-8903099;In verhuur genomen; € - ;; € - ;  ;  ;€ 1,750;Per maand;nee;3-7-2019;;;24-7-2019;24-7-2019;24-7-2019;;;;22;55;148;;;;;;1900;3;2;Appartement;;tussenverdieping;;;;;;;Ingetrokken;;direct;0;€ 1,750;  ;;  ;  ;;  ;  ;;  ;  ;;  ;  ;;  
Driehoekstraat;66;;1015 GL;AMSTERDAM;Homecrew ;(+31) 6 484 90 559;In verhuur genomen; € - ;; € - ;€ 1,750;€ 27;€ 1,750;Per maand;nee;24-7-2019;;;22-8-2019;22-8-2019;22-8-2019;;;;30;66;160;;;;;;1906;3;1;Appartement;;bovenwoning;;;;;;;Verhuurd;;per datum;0;€ 1,750;  ;;  ;  ;;  ;  ;;  ;  ;;  ;  ;;  
Westerstraat;198;I;1015 MR;AMSTERDAM;Van Huis Uit Makelaars B.V. ;020-8903099;In verhuur genomen; € - ;; € - ;  ;  ;€ 1,750;Per maand;nee;25-7-2019;;;8-8-2019;8-8-2019;8-8-2019;;;;15;55;148;;;;;;1900;3;2;Appartement;;tussenverdieping;;;;;;;Ingetrokken;;in overleg;0;€ 1,750;  ;;  ;  ;;  ;  ;;  ;  ;;  ;  ;;  
Palmstraat;52;;1015 HS;AMSTERDAM;Renthouse Vastgoed BV ;020-3030609;In verhuur genomen; € - ;; € - ;  ;  ;€ 1,750;Per maand;nee;30-7-2019;;;7-8-2019;7-8-2019;7-8-2019;;;;9;65;195;;;;;;;3;1;Woonhuis;eengezinswoning;;tussenwoning;luxe;Repeterend permanent;;;;Ingetrokken;;in overleg;0;€ 1,750;  ;;  ;  ;;  ;  ;;  ;  ;;  ;  ;;  
Tuinstraat;164;A;1015 PH;AMSTERDAM;Renthouse Vastgoed BV ;020-3030609;In verhuur genomen; € - ;; € - ;  ;  ;€ 1,750;Per maand;nee;7-8-2019;;;15-8-2019;15-8-2019;15-8-2019;;;;9;60;180;;;;;;;3;1;Appartement;;maisonnette;;;;;;;Ingetrokken;;in overleg;0;€ 1,750;  ;;  ;  ;;  ;  ;;  ;  ;;  ;  ;;  
Langestraat;4;;1015 AL;AMSTERDAM;Amsterdam Housing ;020-6717266;In verhuur genomen; € - ;; € - ;€ 1,850;€ 30;€ 1,850;Per maand;nee;18-6-2019;;;9-8-2019;9-8-2019;9-8-2019;9-8-2019;;;53;62;130;62;;;;;1005;4;2;Woonhuis;eengezinswoning;;vrijstaande woning;normaal;;;;;Verhuurd;;direct;0;€ 1,850;  ;;  ;  ;;  ;  ;;  ;  ;;  ;  ;;  
Driehoekstraat;60;;1015 GL;AMSTERDAM;Jimble ;657933744;In verhuur genomen; € - ;; € - ;€ 1,850;€ 26;€ 1,850;Per maand;nee;25-6-2019;9-8-2019;;20-8-2019;20-8-2019;20-8-2019;;;;57;70;175;;;;;;;3;2;Appartement;;bovenwoning;;;;;;;Verhuurd;;in overleg;1;€ 2,000;€ 1,850;10-7-2019;€ 150;  ;;  ;  ;;  ;  ;;  ;  ;;  
Goudsbloemstraat;191;B;1015 JN;AMSTERDAM;Aemestelle Makelaars V.O.F. ;020-6794919;In verhuur genomen; € - ;; € - ;  ;  ;€ 1,900;Per maand;nee;14-6-2019;;;12-8-2019;12-8-2019;12-8-2019;;;;60;48;140;;;;;;;2;1;Appartement;;bovenwoning;;;;C;;17-6-2027;Ingetrokken;;in overleg;1;€ 2,100;€ 1,900;11-7-2019;€ 200;  ;;  ;  ;;  ;  ;;  ;  ;;  
Keizersgracht;48;BOV;1015 CR;AMSTERDAM;Alcoco ;020 4638790;In verhuur genomen; € - ;; € - ;  ;  ;€ 1,950;Per maand;nee;3-7-2019;;;13-8-2019;13-8-2019;13-8-2019;;;;42;85;213;;;;;;;2;1;Appartement;;tussenverdieping;;;;;;;Ingetrokken;;direct;0;€ 1,950;  ;;  ;  ;;  ;  ;;  ;  ;;  ;  ;;  
Tichelstraat;3;1;1015 KR;Amsterdam;HouseHunting 't Gooi ;035 4400210;In verhuur genomen; € - ;; € - ;€ 1,950;€ 28;€ 1,950;Per maand;nee;4-7-2019;;;7-8-2019;7-8-2019;7-8-2019;25-8-2019;;;35;70;198;;;;;;1900;3;2;Appartement;;tussenverdieping;;;;;;;Verhuurd;;in overleg;0;€ 1,950;  ;;  ;  ;;  ;  ;;  ;  ;;  ;  ;;  
Marnixkade;88;hs;1015 ZH;AMSTERDAM;Hoen Makelaars B.V. ;020-3054444;In verhuur genomen; € - ;; € - ;  ;  ;€ 1,975;Per maand;nee;3-7-2019;;;29-7-2019;29-7-2019;29-7-2019;;;;27;75;245;;;;;;;3;2;Appartement;;benedenwoning;;;;B;1.2;24-12-2025;Ingetrokken;;in overleg;0;€ 1,975;  ;;  ;  ;;  ;  ;;  ;  ;;  ;  ;;  
Derde Leliedwarsstraat;26;;1015 TE;AMSTERDAM;Amsterdam Housing ;020-6717266;In verhuur genomen; € - ;; € - ;€ 2,000;€ 30;€ 2,000;Per maand;nee;25-7-2019;;;30-7-2019;30-7-2019;30-7-2019;30-7-2019;;;6;66;200;;;;;;1995;3;2;Appartement;;bovenwoning;;;;;;;Verhuurd;;direct;0;€ 2,000;  ;;  ;  ;;  ;  ;;  ;  ;;  ;  ;;  
Willemsstraat;120;;1015 JE;AMSTERDAM;The Rental Agency Amsterdam ;06-39751462;In verhuur genomen; € - ;; € - ;€ 2,100;€ 24;€ 2,100;Per maand;nee;27-6-2019;;;3-8-2019;1-8-2019;1-8-2019;1-8-2019;;;36;87;230;;;;17;;;3;2;Appartement;;bovenwoning;;;;;;;Verhuurd;;direct;0;€ 2,100;  ;;  ;  ;;  ;  ;;  ;  ;;  ;  ;;  
Karthuizersstraat;6;#NAME?;1015 LR;AMSTERDAM;DSTRCT Amsterdam B.V. ;020-3309454;In verhuur genomen; € - ;; € - ;€ 2,250;€ 26;€ 2,150;Per maand;nee;30-7-2019;;;7-8-2019;7-8-2019;7-8-2019;7-8-2019;;;9;86;272;;;6;11;;2002;3;2;Appartement;;bovenwoning;;;;;;;Verhuurd;;direct;0;€ 2,150;  ;;  ;  ;;  ;  ;;  ;  ;;  ;  ;;  
Karthuizersstraat;6;#NAME?;1015 LR;AMSTERDAM;DSTRCT Amsterdam B.V. ;020-3309454;In verhuur genomen; € - ;; € - ;  ;  ;€ 2,200;Per maand;nee;2-7-2019;;;29-7-2019;29-7-2019;29-7-2019;;;;28;86;272;;;6;11;;2002;3;2;Appartement;;bovenwoning;;;;;;;Ingetrokken;;per datum;1;€ 2,300;€ 2,200;22-7-2019;€ 100;  ;;  ;  ;;  ;  ;;  ;  ;;  
Willemsstraat;206;;1015 JG;AMSTERDAM;Kuijs Reinder Kakes ;020-6265361;In verhuur genomen; € - ;; € - ;€ 2,250;€ 23;€ 2,250;Per maand;nee;18-6-2019;;;6-8-2019;30-7-2019;30-7-2019;;;;43;96;305;;;;10;22;2010;3;2;Appartement;;bovenwoning;;;;A;1.03;15-6-2026;Verhuurd;;in overleg;0;€ 2,250;  ;;  ;  ;;  ;  ;;  ;  ;;  ;  ;;  
Keizersgracht;138;-C;1015 CW;AMSTERDAM;Voogd Makelaardij o.g. ;020-5733357;In verhuur genomen; € - ;; € - ;€ 2,250;€ 30;€ 2,250;Per maand;nee;26-6-2019;;;14-8-2019;14-8-2019;14-8-2019;14-8-2019;;;50;75;203;;;;;;1730;2;1;Appartement;;bovenwoning;;;;;;;Verhuurd;;direct;0;€ 2,250;  ;;  ;  ;;  ;  ;;  ;  ;;  ;  ;;  
Lindengracht;169;A;1015 KE;AMSTERDAM;Amsterdam Housing ;020-6717266;In verhuur genomen; € - ;; € - ;  ;  ;€ 2,250;Per maand;nee;2-7-2019;;;7-8-2019;7-8-2019;7-8-2019;;;;37;68;190;;;;;;1984;2;1;Appartement;;benedenwoning;;;;;;;Ingetrokken;;per datum;0;€ 2,250;  ;;  ;  ;;  ;  ;;  ;  ;;  ;  ;;  
Prinsengracht;209;C;1015 DT;AMSTERDAM;Alcoco ;020 4638790;In verhuur genomen; € - ;; € - ;€ 1;€ 0;€ 2,250;Per maand;nee;16-7-2019;;;20-8-2019;20-8-2019;20-8-2019;5-9-2019;;;36;100;250;;;;;;;3;2;Appartement;;portiekflat;;;;;;;Verhuurd;;direct;0;€ 2,250;  ;;  ;  ;;  ;  ;;  ;  ;;  ;  ;;  
Singel;92;E*;1015 AD;AMSTERDAM;Makelaardij Prins van Wijngaarden ;+ 31 50 2092140;In verhuur genomen; € - ;; € - ;  ;  ;€ 2,500;Per maand;nee;5-8-2019;;;12-8-2019;12-8-2019;12-8-2019;;;;8;102;300;;;;4;;1850;2;1;Appartement;;bovenwoning;;;;G;;1-11-2028;Ingetrokken;;in overleg;0;€ 2,500;  ;;  ;  ;;  ;  ;;  ;  ;;  ;  ;;  
Brouwersgracht;655;;1015 GJ;AMSTERDAM;Makelaarskantoor Babs Persoons B.V. ;020-5205888;In verhuur genomen; € - ;; € - ;€ 2,595;€ 22;€ 2,595;Per maand;nee;19-6-2019;12-7-2019;;20-8-2019;9-8-2019;9-8-2019;;;;52;120;308;;;;;;1658;3;2;Appartement;;bovenwoning;;;;;;;Verhuurd;;per datum;0;€ 2,595;  ;;  ;  ;;  ;  ;;  ;  ;;  ;  ;;  
Marnixkade;37;3;1015 XR;AMSTERDAM;Parker & Williams Real Estate Service ;020 6750202;In verhuur genomen; € - ;; € - ;€ 2,750;€ 21;€ 2,750;Per maand;nee;26-7-2019;;;21-8-2019;21-8-2019;21-8-2019;27-8-2019;;;27;130;370;;;;15;;1900;4;3;Appartement;;bovenwoning;;;;;;;Verhuurd;;per datum;0;€ 2,750;  ;;  ;  ;;  ;  ;;  ;  ;;  ;  ;;  
Prinsengracht;203;B hs;1015 DT;AMSTERDAM;27 Huis Makelaars BV ;020-4280721;In verhuur genomen; € - ;; € - ;€ 2,850;€ 27;€ 2,850;Per maand;nee;22-5-2019;;;1-8-2019;31-7-2019;31-7-2019;1-8-2019;;;71;105;285;;;;;;1700;4;3;Appartement;;benedenwoning;;;;;;;Verhuurd;;direct;1;€ 3,000;€ 2,850;27-6-2019;€ 150;  ;;  ;  ;;  ;  ;;  ;  ;;  
Herengracht;69;;1015 BD;AMSTERDAM;Koops Makelaardij Amstelveen ;;In verhuur genomen; € - ;; € - ;€ 2,950;€ 29;€ 2,950;Per maand;nee;28-6-2019;;;19-8-2019;19-8-2019;19-8-2019;19-8-2019;;;53;102;275;;;;;;;3;2;Appartement;;benedenwoning;;;;;;;Verhuurd;;per datum;1;€ 3,250;€ 2,950;18-7-2019;€ 300;  ;;  ;  ;;  ;  ;;  ;  ;;  
Prinsengracht;189;a;1015 DS;AMSTERDAM;Heyen b.v. Makelaars o.g. ;035-6947821;In verhuur genomen; € - ;; € - ;€ 2,950;€ 27;€ 2,950;Per maand;nee;11-7-2019;;;16-8-2019;15-8-2019;15-8-2019;15-8-2019;;;36;110;350;;;;;;1750;3;2;Appartement;;dubbel benedenhuis;;;;;;;Verhuurd;;per datum;0;€ 2,950;  ;;  ;  ;;  ;  ;;  ;  ;;  ;  ;;  
Westerkade;21;F;1015 XE;AMSTERDAM;Von Poll Real Estate ;020-2159988;In verhuur genomen; € - ;; € - ;  ;  ;€ 3,000;Per maand;nee;5-2-2019;;;31-7-2019;31-7-2019;31-7-2019;;;;177;100;200;;;;;;1912;4;2;Woonhuis;woonboot;;vrijstaande woning;;;;;;Ingetrokken;;direct;2;€ 4,000;€ 3,250;4-3-2019;€ 750;€ 3,000;29-5-2019;€ 250;  ;;  ;  ;;  ;  ;;  
Tichelstraat;3;hs;1015 KR;Amsterdam;HouseHunting 't Gooi ;035 4400210;In verhuur genomen; € - ;; € - ;  ;  ;€ 3,250;Per maand;nee;20-7-2019;;;3-8-2019;3-8-2019;3-8-2019;;;;15;180;450;;;;;;1900;5;4;Appartement;;benedenwoning;;;;;;;Ingetrokken;;in overleg;0;€ 3,250;  ;;  ;  ;;  ;  ;;  ;  ;;  ;  ;;  
Marnixstraat;34;-1R;1015 XK;Amsterdam;Mijn Huis Makelaardij ;06 17440410;In verkoop genomen;€ 225,000;Kosten koper;€ 6,818;€ 230,000;€ 6,970;  ;;nee;25-6-2019;;;22-8-2019;1-8-2019;1-8-2019;31-8-2019;;;38;33;107;;;;;;1872;1;1;Appartement;;bovenwoning;;;;;;;Verkocht;;in overleg;0;€ 225,000;  ;;  ;  ;;  ;  ;;  ;  ;;  ;  ;;  
Lijnbaansgracht;84;H;1015 GZ;AMSTERDAM;De Graaf & Groot Makelaars en Taxateurs o.g. ;020-6627140;In verkoop genomen;€ 300,000;Kosten koper;€ 5,660;€ 321,000;€ 6,057;  ;;nee;10-5-2019;11-6-2019;;5-8-2019;11-6-2019;11-6-2019;29-7-2019;;;33;53;203;;;;;;1890;2;1;Appartement;;benedenwoning;;;;;;;Verkocht;;in overleg;0;€ 300,000;  ;;  ;  ;;  ;  ;;  ;  ;;  ;  ;;  
Lindengracht;169;C;1015 KE;AMSTERDAM;Von Poll Real Estate ;020-2159988;In verkoop genomen;€ 300,000;Kosten koper;€ 7,692;€ 348,888;€ 8,946;  ;;nee;18-6-2019;9-7-2019;;22-7-2019;9-7-2019;9-7-2019;9-8-2019;;;22;39;110;;;4;;;1984;2;1;Appartement;;tussenverdieping;;;;;;;Verkocht;;in overleg;0;€ 300,000;  ;;  ;  ;;  ;  ;;  ;  ;;  ;  ;;  
Goudsbloemstraat;30;III;1015 JP;AMSTERDAM;Pim de Jong Makelaars ;020 7729669;In verkoop genomen;€ 325,000;Kosten koper;€ 7,558;€ 305,000;€ 7,093;  ;;nee;8-3-2019;26-6-2019;;12-8-2019;26-6-2019;26-6-2019;24-7-2019;;;111;43;137;;;;5;;;2;1;Appartement;;bovenwoning;;;;;;;Verkocht;;in overleg;0;€ 325,000;  ;;  ;  ;;  ;  ;;  ;  ;;  ;  ;;  
Brouwersgracht;177;1;1015 GJ;AMSTERDAM;Van Maarschalkerwaart Makelaardij o.g. b.v. ;020-5721111;In verkoop genomen;€ 345,000;Kosten koper;€ 9,079;€ 385,007;€ 10,132;  ;;nee;15-4-2019;29-4-2019;;12-8-2019;29-4-2019;29-4-2019;12-8-2019;;;15;38;135;;;;;;;2;1;Appartement;;bovenwoning;;;;;;;Verkocht;;in overleg;0;€ 345,000;  ;;  ;  ;;  ;  ;;  ;  ;;  ;  ;;  
Lindengracht;278;BEL;1015 KN;AMSTERDAM;Van Overbeek Amsterdam ;020-5209580;In verkoop genomen;€ 350,000;Kosten koper;€ 8,537;€ 385,000;€ 9,390;  ;;nee;13-6-2019;28-6-2019;;22-7-2019;28-6-2019;28-6-2019;16-7-2019;;;16;41;145;;1;4;5;;1942;3;2;Appartement;;bovenwoning;;;;;;;Verkocht;;in overleg;0;€ 350,000;  ;;  ;  ;;  ;  ;;  ;  ;;  ;  ;;  
Nieuwe Leliestraat;142;II;1015 SX;AMSTERDAM;Straathof Makelaars o.g. ;020-6757466;In verkoop genomen;€ 417,500;Kosten koper;€ 8,186;€ 417,500;€ 8,186;  ;;nee;21-5-2019;19-7-2019;;26-7-2019;15-7-2019;15-7-2019;9-8-2019;;;56;51;170;;;;9;;1900;2;1;Appartement;;tussenverdieping;;;;;;;Verkocht;;in overleg;1;€ 417;€ 417,500;21-5-2019;€ -417,083;  ;;  ;  ;;  ;  ;;  ;  ;;  
Westerstraat;146;D;1015 MP;AMSTERDAM;Rotonda Real Estate ;624620941;In verkoop genomen;€ 445,000;Kosten koper;€ 8,725;€ 422,500;€ 8,284;  ;;nee;24-7-2018;15-3-2019;;19-8-2019;15-3-2019;15-3-2019;8-5-2019;;;235;51;165;;;;7;;1991-;3;2;Appartement;;bovenwoning;;;;B;;22-7-2018;Verkocht;;in overleg;1;€ 460,000;€ 445,000;4-10-2018;€ 15,000;  ;;  ;  ;;  ;  ;;  ;  ;;  
Keizersgracht;105;W;1015 CH;AMSTERDAM;Van Huis Uit Makelaars B.V. ;020-8903099;In verkoop genomen;€ 475,000;Vrij op naam;€ 6,250;  ;  ;  ;;nee;29-5-2019;;;12-8-2019;12-8-2019;12-8-2019;;;;76;76;206;93;;;;;1920;2;1;Woonhuis;woonboot;;vrijstaande woning;normaal;;;;;Ingetrokken;;in overleg;0;€ 475,000;  ;;  ;  ;;  ;  ;;  ;  ;;  ;  ;;  
Prinsengracht;235;K;1015 DT;AMSTERDAM;Kok Woonbotenmakelaar ;020 4680940;In verkoop genomen;€ 489,000;Vrij op naam;€ 6,986;€ 475,000;€ 6,786;  ;;nee;24-5-2018;29-7-2019;14-8-2019;15-8-2019;18-2-2019;18-2-2019;14-2-2020;;;271;70;161;1;;;;;1928;3;2;Woonhuis;woonboot;;vrijstaande woning;;;;;;Verkocht;;in overleg;0;€ 489,000;  ;;  ;  ;;  ;  ;;  ;  ;;  ;  ;;  
Brouwersgracht;5;C;1015 GA;AMSTERDAM;Smit & Heinen Makelaars en Taxateurs o/z ;020-6727074;In verkoop genomen;€ 495,000;Kosten koper;€ 6,972;  ;  ;  ;;nee;9-4-2019;;;30-7-2019;30-7-2019;30-7-2019;;;;113;71;215;;;3;;;1712;4;2;Appartement;;bovenwoning;;;;;;;Ingetrokken;;in overleg;0;€ 495,000;  ;;  ;  ;;  ;  ;;  ;  ;;  ;  ;;  
Tuinstraat;14;D;1015 PE;AMSTERDAM;Gaikhorst Makelaars & Taxateurs o.g. ;020-6126664;In verkoop genomen;€ 545,000;Kosten koper;€ 6,412;€ 600,000;€ 7,059;  ;;nee;15-5-2019;18-6-2019;;2-8-2019;13-6-2019;13-6-2019;30-8-2019;;;30;85;210;;;3;11;;1993;3;2;Appartement;;bovenwoning;;;;B;;16-4-2025;Verkocht;;in overleg;0;€ 545,000;  ;;  ;  ;;  ;  ;;  ;  ;;  ;  ;;  
Herenstraat;30;C;1015 CB;AMSTERDAM;Kroon van Diest Makelaardij B.V. ;023-5261546;In verkoop genomen;€ 550,000;Kosten koper;€ 9,167;  ;  ;  ;;nee;6-6-2019;3-7-2019;;23-7-2019;23-7-2019;23-7-2019;;;;48;60;201;;;6;8;;;2;1;Appartement;;portiekflat;;;;;;;Ingetrokken;;in overleg;0;€ 550,000;  ;;  ;  ;;  ;  ;;  ;  ;;  ;  ;;  
Lindengracht;328;;1015 KN;AMSTERDAM;Zelfverkopen.nl ;088-2350100;In verkoop genomen;€ 575,000;Kosten koper;€ 7,372;€ 615,000;€ 7,885;  ;;nee;29-3-2019;25-4-2019;;24-7-2019;19-4-2019;19-4-2019;27-5-2019;;;22;78;229;;2;4;7;;1987;3;2;Appartement;;tussenverdieping;;;;C;;23-1-2029;Verkocht;;in overleg;0;€ 575,000;  ;;  ;  ;;  ;  ;;  ;  ;;  ;  ;;  
Leliegracht;48;1;1015 DH;AMSTERDAM;De Groot en Compagnons ;020-6464796;In verkoop genomen;€ 600,000;Kosten koper;€ 7,692;€ 570,000;€ 7,308;  ;;nee;6-5-2019;8-7-2019;;2-8-2019;12-7-2019;12-7-2019;26-7-2019;;;68;78;281;;;;3;;;3;2;Appartement;;bovenwoning;;;;;;;Verkocht;;in overleg;0;€ 600,000;  ;;  ;  ;;  ;  ;;  ;  ;;  ;  ;;  
Singel;80;D;1015 AC;AMSTERDAM;Jaap Admiraal Makelaardij b.v. ;020-3790900;In verkoop genomen;€ 625,000;Kosten koper;€ 8,117;€ 675,000;€ 8,766;  ;;nee;7-5-2019;23-5-2019;;19-8-2019;23-5-2019;23-5-2019;19-8-2019;;;17;77;293;;7;;14;;1800;3;2;Appartement;;bovenwoning;;;;;;;Verkocht;;in overleg;0;€ 625,000;  ;;  ;  ;;  ;  ;;  ;  ;;  ;  ;;  
Noordermarkt;32;B;1015 MZ;AMSTERDAM;Visch & van Zeggelaar Amsterdam ;020 2091911;In verkoop genomen;€ 655,000;Kosten koper;€ 10,234;  ;  ;  ;;nee;22-5-2019;17-7-2019;;6-8-2019;6-8-2019;6-8-2019;;;;77;64;195;;;;;;;2;1;Appartement;;bovenwoning;;;;A;;27-3-2029;Ingetrokken;;in overleg;1;€ 695,000;€ 655,000;27-6-2019;€ 40,000;  ;;  ;  ;;  ;  ;;  ;  ;;  
Noordermarkt;32;C;1015 MZ;AMSTERDAM;Visch & van Zeggelaar Amsterdam ;020 2091911;In verkoop genomen;€ 655,000;Kosten koper;€ 10,077;  ;  ;  ;;nee;22-5-2019;;;6-8-2019;6-8-2019;6-8-2019;;;;77;65;194;;;;;;;2;1;Appartement;;bovenwoning;;;;A;;27-3-2029;Ingetrokken;;in overleg;1;€ 695,000;€ 655,000;27-6-2019;€ 40,000;  ;;  ;  ;;  ;  ;;  ;  ;;  
Singel;92;E;1015 AD;AMSTERDAM;Makelaardij Prins van Wijngaarden ;+ 31 50 2092140;In verkoop genomen;€ 675,000;Kosten koper;€ 6,618;  ;  ;  ;;nee;18-6-2019;;;16-8-2019;16-8-2019;16-8-2019;;;;60;102;300;;;;4;;1850;2;1;Appartement;;bovenwoning;;;;G;;1-11-2028;Ingetrokken;;in overleg;0;€ 675,000;  ;;  ;  ;;  ;  ;;  ;  ;;  ;  ;;  
Prinsengracht;209;#NAME?;1015 DT;AMSTERDAM;Dokter makelaars ;020-6208816;In verkoop genomen;€ 699,000;Kosten koper;€ 7,681;  ;  ;  ;;nee;30-4-2019;;;29-7-2019;29-7-2019;29-7-2019;;;;91;91;271;;;4;;;1910;3;2;Appartement;;bovenwoning;;;;;;;Ingetrokken;;in overleg;0;€ 699,000;  ;;  ;  ;;  ;  ;;  ;  ;;  ;  ;;  
Palmgracht;18;HS;1015 HM;AMSTERDAM;VHM Makelaars Amsterdam ;020-7640855;In verkoop genomen;€ 725,000;Kosten koper;€ 7,398;  ;  ;  ;;nee;21-5-2019;;;30-7-2019;30-7-2019;30-7-2019;;;;71;98;342;;;9;;;1908;2;1;Appartement;;benedenwoning;;;;;;;Ingetrokken;;in overleg;0;€ 725,000;  ;;  ;  ;;  ;  ;;  ;  ;;  ;  ;;  
Tuinstraat;4;B;1015 PE;AMSTERDAM;Peter Bruin Makelaardij o.g. b.v. ;020-6768022;In verkoop genomen;€ 760,000;Kosten koper;€ 8,172;€ 750,000;€ 8,065;  ;;nee;10-7-2018;22-8-2018;;23-7-2019;31-7-2018;31-7-2018;31-7-2018;;;22;93;310;;;;21;;-1906;3;2;Appartement;;bovenwoning;;;;C;;27-6-2028;Verkocht;;in overleg;0;€ 760,000;  ;;  ;  ;;  ;  ;;  ;  ;;  ;  ;;  
Singel;114;A;1015 AE;AMSTERDAM;Peters en Partners B.V. ;020 - 22 500 33;In verkoop genomen;€ 775,000;Kosten koper;€ 7,045;€ 757,500;€ 6,886;  ;;nee;14-6-2019;3-7-2019;;12-8-2019;3-7-2019;3-7-2019;2-9-2019;;;20;110;278;;;;;;;3;2;Appartement;;benedenwoning;;;;;;;Verkocht;;in overleg;0;€ 775,000;  ;;  ;  ;;  ;  ;;  ;  ;;  ;  ;;  
Anjeliersstraat;470;C;1015 NL;AMSTERDAM;Broersma Makelaardij ;020-3059777;In verkoop genomen;€ 785,000;Kosten koper;€ 9,813;  ;  ;  ;;nee;25-6-2019;;;1-8-2019;1-8-2019;1-8-2019;;;;38;80;228;;;1;5;;;3;2;Appartement;;bovenwoning;;;;A;1.12;6-6-2029;Ingetrokken;;in overleg;0;€ 785,000;  ;;  ;  ;;  ;  ;;  ;  ;;  ;  ;;  
Violettenstraat;10;bv;1015 NP;AMSTERDAM;BrinkBorgh Makelaardij ;020-6709992;In verkoop genomen;€ 800,000;Kosten koper;€ 4,444;€ 800,000;€ 4,444;  ;;nee;23-5-2019;5-7-2019;;12-8-2019;5-7-2019;5-7-2019;2-9-2019;;;44;180;596;;;;;;;7;4;Appartement;;bovenwoning;;;;C;1.53;23-11-2028;Verkocht;;in overleg;0;€ 800,000;  ;;  ;  ;;  ;  ;;  ;  ;;  ;  ;;  
Keizersgracht;67;#NAME?;1015 CE;AMSTERDAM;Makelaarskantoor Babs Persoons B.V. ;020-5205888;In verkoop genomen;€ 850,000;Kosten koper;€ 7,658;€ 840,000;€ 7,568;  ;;nee;1-5-2019;29-5-2019;;21-8-2019;29-5-2019;29-5-2019;21-8-2019;;;29;111;323;;;9;;;1963;3;2;Appartement;;bovenwoning;;;;;;;Verkocht;;in overleg;0;€ 850,000;  ;;  ;  ;;  ;  ;;  ;  ;;  ;  ;;  
Prinsengracht;120;#NAME?;1015 EA;AMSTERDAM;Marty Straatsma makelaardij ;020-6790290;In verkoop genomen;€ 900,000;Kosten koper;€ 8,036;  ;  ;  ;;nee;27-6-2019;;;7-8-2019;7-8-2019;7-8-2019;;;;42;112;343;;;;27;;1877;3;2;Appartement;;benedenwoning;;;;;;;Ingetrokken;;in overleg;0;€ 900,000;  ;;  ;  ;;  ;  ;;  ;  ;;  ;  ;;  
Westerstraat;244;-2;1015 MT;AMSTERDAM;Mar. J. Heule Makelaardij b.v. ;020-6766633;In verkoop genomen;€ 1,000,000;Kosten koper;€ 5,525;€ 932,500;€ 5,152;  ;;nee;26-3-2019;4-6-2019;;25-7-2019;4-6-2019;4-6-2019;31-7-2019;;;71;181;440;;;;;;1879;5;4;Appartement;;bovenwoning;;;;F;;13-3-2029;Verkocht;;in overleg;0;€ 1,000,000;  ;;  ;  ;;  ;  ;;  ;  ;;  ;  ;;  
Blauwburgwal;7;II;1015 AS;AMSTERDAM;Pappie en Van der Zee Makelaars o/g B.V. ;020-6655606;In verkoop genomen;€ 1,040,000;Kosten koper;€ 7,879;  ;  ;  ;;nee;6-6-2019;;;7-8-2019;7-8-2019;7-8-2019;;;;63;132;340;;5;;14;;;3;2;Appartement;;bovenwoning;;;;E;;27-1-2025;Ingetrokken;;in overleg;0;€ 1,040,000;  ;;  ;  ;;  ;  ;;  ;  ;;  ;  ;;  
Herenstraat;18;;1015 CB;AMSTERDAM;Slot Makelaardij o.g. ;020-6478229;In verkoop genomen;€ 1,100,000;Kosten koper;€ 4,681;  ;  ;  ;;nee;12-12-2018;;;19-8-2019;19-8-2019;19-8-2019;;;;251;235;632;;11;;24;100;;9;5;Appartement;;bovenwoning;;;;;;;Ingetrokken;;per datum;1;€ 1,175,000;€ 1,100,000;13-6-2019;€ 75,000;  ;;  ;  ;;  ;  ;;  ;  ;;  
Noordermarkt;32;D;1015 MZ;AMSTERDAM;Visch & van Zeggelaar Amsterdam ;020 2091911;In verkoop genomen;€ 1,125,000;Kosten koper;€ 11,029;  ;  ;  ;;nee;22-5-2019;;;6-8-2019;6-8-2019;6-8-2019;;;;77;102;307;;;;;;;3;2;Appartement;;bovenwoning;;;;A;;27-3-2029;Ingetrokken;;in overleg;1;€ 1,195,000;€ 1,125,000;27-6-2019;€ 70,000;  ;;  ;  ;;  ;  ;;  ;  ;;  
Noordermarkt;32;A;1015 MZ;AMSTERDAM;Visch & van Zeggelaar Amsterdam ;020 2091911;In verkoop genomen;€ 1,175,000;Kosten koper;€ 9,958;  ;  ;  ;;nee;22-5-2019;;;6-8-2019;6-8-2019;6-8-2019;;;;77;118;485;;;;;;;4;3;Appartement;;benedenwoning;;;;A;;27-3-2029;Ingetrokken;;in overleg;1;€ 1,225,000;€ 1,175,000;27-6-2019;€ 50,000;  ;;  ;  ;;  ;  ;;  ;  ;;  
Karthuizersplantsoen;7;;1015 LS;AMSTERDAM;Broersma Makelaardij ;020-3059777;In verkoop genomen;€ 1,290,000;Kosten koper;€ 7,963;€ 1,280,000;€ 7,901;  ;;nee;4-9-2018;9-10-2018;;24-7-2019;9-10-2018;9-10-2018;14-6-2019;;;36;162;650;;15;;;;1902;5;2;Appartement;;benedenwoning;;;;;;;Verkocht;;in overleg;0;€ 1,290,000;  ;;  ;  ;;  ;  ;;  ;  ;;  ;  ;;  
Herengracht;121;B;1015 BG;AMSTERDAM;Keizerskroon Makelaars ;020-4202222;In verkoop genomen;€ 1,300,000;Kosten koper;€ 9,286;  ;  ;  ;;nee;20-6-2019;;;5-8-2019;5-8-2019;5-8-2019;;;;47;140;584;;;;5;;1870;4;2;Appartement;;bovenwoning;;;;F;2.41;15-1-2029;Ingetrokken;;in overleg;0;€ 1,300,000;  ;;  ;  ;;  ;  ;;  ;  ;;  ;  ;;  
Gietersstraat;51;;1015 HB;AMSTERDAM;PC22 Makelaars Taxateurs o.z. ;020-5733844;In verkoop genomen;€ 1,495,000;Kosten koper;€ 7,188;  ;  ;  ;;nee;4-7-2019;;;5-8-2019;5-8-2019;5-8-2019;;;;33;208;680;;;;;;1992;6;5;Appartement;;bovenwoning;;;;;;;Ingetrokken;;in overleg;0;€ 1,495,000;  ;;  ;  ;;  ;  ;;  ;  ;;  ;  ;;  
Prinsengracht;151;-C;1015 DR;AMSTERDAM;Ankersmit Makelaardij o.g. ;020 3202020;In verkoop genomen;€ 1,975,000;Kosten koper;€ 6,787;  ;  ;  ;;nee;24-6-2019;;;12-8-2019;12-8-2019;12-8-2019;;;;50;291;1094;;;;;;;7;5;Appartement;;benedenwoning;;;;;;;Ingetrokken;;in overleg;0;€ 1,975,000;  ;;  ;  ;;  ;  ;;  ;  ;;  ;  ;;  
Keizersgracht;18;#NAME?;1015 CP;AMSTERDAM;Keizerskroon Makelaars ;020-4202222;In verkoop genomen;€ 2,395,000;Kosten koper;€ 8,174;  ;  ;  ;;nee;1-4-2019;;;20-8-2019;20-8-2019;20-8-2019;;;;142;293;720;;;1;12;;;8;4;Appartement;;dubbel benedenhuis;;;;;;;Ingetrokken;;in overleg;0;€ 2,395,000;  ;;  ;  ;;  ;  ;;  ;  ;;  ;  ;;  
Keizersgracht;155;2;1015 CL;AMSTERDAM;Parker & Williams Real Estate Service ;020 6750202;In verkoop genomen;€ 2,495,000;Kosten koper;€ 9,901;  ;  ;  ;;nee;23-4-2019;;;2-8-2019;2-8-2019;2-8-2019;;;;102;252;907;;;;25;;1897;7;5;Appartement;;bovenwoning;;;;;;;Ingetrokken;;in overleg;0;€ 2,495,000;  ;;  ;  ;;  ;  ;;  ;  ;;  ;  ;;  
Egelantiersgracht;62;;1015 RM;AMSTERDAM;Remko Bijvoet Makelaardij B.V. ;020-7794959;In verkoop genomen;€ 2,550,000;Kosten koper;€ 9,922;€ 2,480,000;€ 9,650;  ;;nee;13-6-2019;8-8-2019;16-8-2019;17-8-2019;19-7-2019;19-7-2019;30-8-2019;;;37;257;631;106;;;55;;1897;7;5;Woonhuis;grachtenpand;;tussenwoning;luxe;;;;;Verkocht;;in overleg;0;€ 2,550,000;  ;;  ;  ;;  ;  ;;  ;  ;;  ;  ;;  
Keizersgracht;50;;1015 CR;AMSTERDAM;Martin van Gelder Makelaar & Taxateur O.G. B.V. ;06 24240733;In verkoop genomen;€ 2,850,000;Kosten koper;€ 10,035;€ 2,225,000;€ 7,835;  ;;nee;13-6-2019;;;12-8-2019;2-8-2019;2-8-2019;4-10-2019;;;51;284;998;240;2;;10;;1622;10;5;Woonhuis;grachtenpand;;tussenwoning;normaal;;;;;Verkocht;;in overleg;0;€ 2,850,000;  ;;  ;  ;;  ;  ;;  ;  ;;  ;  ;;  
Singel;160;;1015 AH;AMSTERDAM;Martin van Gelder Makelaar & Taxateur O.G. B.V. ;06 24240733;In verkoop genomen;€ 3,150,000;Kosten koper;€ 6,364;  ;  ;  ;;nee;19-11-2018;;;24-7-2019;24-7-2019;24-7-2019;;;;248;495;1661;494;;;38;;;11;0;Woonhuis;grachtenpand;;tussenwoning;normaal;;G;1.95;3-7-2028;Ingetrokken;;in overleg;0;€ 3,150,000;  ;;  ;  ;;  ;  ;;  ;  ;;  ;  ;;  
